StartDate,EndDate,Status,Progress,Duration (in seconds),Finished,RecordedDate,ResponseId,RecipientLastName,RecipientFirstName,RecipientEmail,ExternalReference,LocationLatitude,LocationLongitude,DistributionChannel,UserLanguage,Q_RecaptchaScore,Q1_1,Q2_1,Q3,Q4,Q5,Q6,Q7,Q8,Q9,Q10,Q11,Q12,Q13,Q14_1,Q15,Q16,Q20_1,Q17,Q18,Q19,Q20,Q21,Q22,Q23,Q24,Q25,Q26,Q27,Q28,Q29
,,,,,,,,,,,,,,,,,,,,,,,,,,,,,,,,,,,,,,,,,,,,,,
Start Date,End Date,Response Type,Progress,Duration (in seconds),Finished,Recorded Date,Response ID,Recipient Last Name,Recipient First Name,Recipient Email,External Data Reference,Location Latitude,Location Longitude,Distribution Channel,User Language,Q_RecaptchaScore,How many programs did you apply to? - Number of Programs,How many interviews did you attend? (in-person and virtual) - Interviews attended,Were you more or less likely to attend an in-person interview?,"Were you more or less likely to continue post interview communication with an in-person interview? (thank you notes, second looks, letters of intent/interest)",Did you notify your #1 program of their ranking?,Did you notify any highly ranked programs of your interest in their program? (Other than #1 ranked program),I felt pressured to send a letter of intent/interest because I felt as though it would improve my rank status with a program and may potentially harm my rank status if I did not,"I felt pressure to send early an early letter of intent/interest, despite not seeing the program in-person, to communicate interest before programs certified their rank lists",A second look experience impacted my rank list enough to where I regretted an early letter of intent/interest,Letters of intent/interest should be discouraged by all programs and/or match leadership,I sent thank you notes to:,I felt pressured to send thank you notes out of fear that I would be viewed unfavorably,All programs and/or match leadership should discourage thank you notes,How many second look invitations did you receive? - Number of second look invitations,How many residency programs assured you that second look attendance had no impact on your rank status with their program?,"Of your second look offers, did any programs require an RSVP?",How many programs required an RSVP deadline for their second look invitation? - Number of second look offers with RSVP requirement,I felt pressured to attend second looks because the RSVP deadline was before programs’ rank list certification date,"I felt pressured to attend second looks because I felt that it would directly impact my rank status with a program, regardless of RSVP deadline",I believe my attendance or absence at a second look would would not impact my rank status with a program,"I fully believe that second look attendance, even with RSVP requirements, had no impact on my rank status with a program",The second look process should have more universal and structured guidelines,All programs and/or match leadership should discourage formalized second looks,My second look experience(s) directly impacted my final rank list,"I was given conflicting advice regarding post interview communication from faculty, residents, and/or mentors",I believe that any form of post interview communication with residency programs impacted my final rank list,Post interview communication causes undue stress during the match process,Which of the following form of post interview communication caused the most amount of stress?,All forms post interview communications between applicant and program should be discouraged before match day,"Please feel free to offer any opinions, perceptions, or comments regarding post interview communication that was not covered in the survey:"
,,,,,,,,,,,,,,,,,,,,,,,,,,,,,,,,,,,,,,,,,,,,,,
"{""ImportId"":""startDate"",""timeZone"":""America/Denver""}","{""ImportId"":""endDate"",""timeZone"":""America/Denver""}","{""ImportId"":""status""}","{""ImportId"":""progress""}","{""ImportId"":""duration""}","{""ImportId"":""finished""}","{""ImportId"":""recordedDate"",""timeZone"":""America/Denver""}","{""ImportId"":""_recordId""}","{""ImportId"":""recipientLastName""}","{""ImportId"":""recipientFirstName""}","{""ImportId"":""recipientEmail""}","{""ImportId"":""externalDataReference""}","{""ImportId"":""locationLatitude""}","{""ImportId"":""locationLongitude""}","{""ImportId"":""distributionChannel""}","{""ImportId"":""userLanguage""}","{""ImportId"":""Q_RecaptchaScore""}","{""ImportId"":""QID1_1""}","{""ImportId"":""QID2_1""}","{""ImportId"":""QID3""}","{""ImportId"":""QID5""}","{""ImportId"":""QID15""}","{""ImportId"":""QID16""}","{""ImportId"":""QID17""}","{""ImportId"":""QID34""}","{""ImportId"":""QID35""}","{""ImportId"":""QID28""}","{""ImportId"":""QID7""}","{""ImportId"":""QID8""}","{""ImportId"":""QID9""}","{""ImportId"":""QID10_1""}","{""ImportId"":""QID23""}","{""ImportId"":""QID11""}","{""ImportId"":""QID13_1""}","{""ImportId"":""QID12""}","{""ImportId"":""QID21""}","{""ImportId"":""QID22""}","{""ImportId"":""QID24""}","{""ImportId"":""QID14""}","{""ImportId"":""QID26""}","{""ImportId"":""QID33""}","{""ImportId"":""QID18""}","{""ImportId"":""QID29""}","{""ImportId"":""QID31""}","{""ImportId"":""QID19""}","{""ImportId"":""QID30""}","{""ImportId"":""QID32_TEXT""}"
,,,,,,,,,,,,,,,,,,,,,,,,,,,,,,,,,,,,,,,,,,,,,,
2023-02-15 13:30:10,2023-02-15 13:33:15,Survey Preview,100,185,TRUE,2023-02-15 13:33:17,R_21vSJ1si71vNGAu,,,,,33.4979,-86.8125,preview,EN,1,75,22,More inclined to attend,More inclined,Yes,Yes,Somewhat agree,,,Strongly agree,Programs that I liked,Strongly agree,Somewhat disagree,30,None,Yes,40,Strongly agree,Strongly agree,Strongly disagree,Strongly disagree,Somewhat Agree,Somewhat agree,,Strongly agree,Somewhat agree,Strongly agree,Letters of intent/interest,Somewhat agree,
,,,,,,,,,,,,,,,,,,,,,,,,,,,,,,,,,,,,,,,,,,,,,,
2023-03-23 07:57:24,2023-03-23 08:00:06,Survey Preview,100,161,TRUE,2023-03-23 08:00:08,R_295k5jLsC3UAzhm,,,,,33.5203,-86.8092,preview,EN,1,80,22,More inclined to attend,More inclined,Yes,No,Strongly agree,Strongly agree,Strongly disagree,Strongly agree,Programs that I liked,Strongly agree,Strongly disagree,10,All,Yes,10,Strongly agree,Somewhat agree,Strongly disagree,Strongly disagree,Strongly agree,Somewhat agree,Strongly agree,Strongly agree,Somewhat agree,Strongly agree,Letters of intent/interest,Strongly agree,
,,,,,,,,,,,,,,,,,,,,,,,,,,,,,,,,,,,,,,,,,,,,,,
2023-03-23 08:16:28,2023-03-23 08:20:32,IP Address,100,243,TRUE,2023-03-23 08:20:33,R_3dMNDdecCyc3vGQ,,,,,33.5203,-86.8092,anonymous,EN,1,80,22,More inclined to attend,More inclined,Yes,Yes,Strongly agree,Somewhat agree,Somewhat disagree,Strongly agree,Programs that I liked,Strongly agree,Strongly agree,10,Most,Yes,7,Strongly agree,Strongly agree,Somewhat disagree,Strongly disagree,Strongly agree,Somewhat agree,Somewhat agree,Strongly agree,Strongly agree,Strongly agree,Letters of intent/interest,Strongly agree,
,,,,,,,,,,,,,,,,,,,,,,,,,,,,,,,,,,,,,,,,,,,,,,
2023-03-23 08:22:07,2023-03-23 08:26:09,IP Address,100,241,TRUE,2023-03-23 08:26:09,R_33lHjDMfpPH4ZZh,,,,,33.513,-86.7372,anonymous,EN,1,70,13,More inclined to attend,More inclined,Yes,Yes,Strongly agree,Strongly agree,Neither agree nor disagree,Somewhat disagree,Programs that I liked,Somewhat agree,Somewhat disagree,7,All,Yes,7,Strongly agree,Strongly agree,Strongly disagree,Strongly disagree,Strongly agree,Somewhat disagree,Somewhat disagree,Somewhat agree,Strongly agree,Strongly agree,Letters of intent/interest,Somewhat agree,
,,,,,,,,,,,,,,,,,,,,,,,,,,,,,,,,,,,,,,,,,,,,,,
2023-03-23 08:37:00,2023-03-23 08:39:53,IP Address,100,173,TRUE,2023-03-23 08:39:54,R_Q3xJv9fzfdN3bA5,,,,,36.1671,-86.7861,anonymous,EN,1,100,14,More inclined to attend,More inclined,No,No,Somewhat disagree,Somewhat agree,Somewhat agree,Strongly agree,All Programs,Strongly agree,Somewhat disagree,4,Most,Yes,2,Strongly disagree,Somewhat disagree,Somewhat agree,Somewhat agree,Strongly agree,Somewhat agree,Strongly agree,Strongly agree,Somewhat disagree,Strongly agree,Letters of intent/interest,Strongly agree,
,,,,,,,,,,,,,,,,,,,,,,,,,,,,,,,,,,,,,,,,,,,,,,
2023-03-23 08:36:46,2023-03-23 08:44:51,IP Address,100,485,TRUE,2023-03-23 08:44:52,R_1NxfRA90AY3xMIM,,,,,39.9357,-75.1832,anonymous,EN,1,53,23,Neutral,More inclined,Yes,No,Strongly agree,Neither agree nor disagree,Strongly disagree,Strongly agree,All Programs,Strongly agree,Strongly agree,10,Most,Yes,10,Strongly agree,Strongly agree,Strongly disagree,Strongly disagree,Strongly agree,Somewhat disagree,Strongly agree,Strongly agree,Strongly agree,Neither agree nor disagree,Thank you notes,Somewhat disagree,
,,,,,,,,,,,,,,,,,,,,,,,,,,,,,,,,,,,,,,,,,,,,,,
2023-03-23 08:41:48,2023-03-23 08:45:27,IP Address,100,219,TRUE,2023-03-23 08:45:28,R_3MLI0WgEobU7Ypn,,,,,28.6344,-81.6221,anonymous,EN,0.8999999761581420,100,25,Less inclined to attend,Less inclined,Yes,No,Strongly agree,Somewhat agree,Somewhat disagree,Strongly agree,I did not send any thank you notes,Somewhat agree,Strongly agree,10,Most,Yes,10,Strongly agree,Strongly agree,Strongly disagree,Strongly disagree,Strongly agree,Strongly disagree,Strongly disagree,Somewhat agree,Somewhat disagree,Strongly agree,Second looks,Strongly agree,
,,,,,,,,,,,,,,,,,,,,,,,,,,,,,,,,,,,,,,,,,,,,,,
2023-03-23 08:42:29,2023-03-23 08:45:39,IP Address,100,190,TRUE,2023-03-23 08:45:40,R_1PbkOV3Z770YnQC,,,,,32.7797,-96.8022,anonymous,EN,0.8999999761581420,88,17,Neutral,Neutral,Yes,No,Strongly agree,Strongly agree,Neither agree nor disagree,Neither agree nor disagree,Programs that I liked,Strongly agree,Neither agree nor disagree,6,Most,Yes,0,Somewhat disagree,Strongly agree,Strongly disagree,Strongly disagree,Strongly agree,Somewhat disagree,Neither agree nor disagree,Strongly agree,Strongly agree,Somewhat disagree,None caused stress,Somewhat disagree,
,,,,,,,,,,,,,,,,,,,,,,,,,,,,,,,,,,,,,,,,,,,,,,
2023-03-23 08:40:25,2023-03-23 08:47:23,IP Address,100,417,TRUE,2023-03-23 08:47:23,R_24D8Ce2vYOinJAj,,,,,39.9597,-75.1995,anonymous,EN,1,89,9,More inclined to attend,Neutral,Yes,Yes,Strongly agree,Neither agree nor disagree,Somewhat disagree,Strongly agree,I did not send any thank you notes,Somewhat agree,Strongly agree,3,Most,Yes,2,Strongly agree,Neither agree nor disagree,Somewhat disagree,Somewhat disagree,Strongly agree,Somewhat disagree,Strongly agree,Strongly agree,Neither agree nor disagree,Strongly agree,Letters of intent/interest,Strongly agree,"There's no formal guarantee that programs have finalized rank lists since the due date is the same for both applicants and programs. If programs were forced to submit rank lists earlier and have them finalized, it would make post-interview communication much more streamlined."
,,,,,,,,,,,,,,,,,,,,,,,,,,,,,,,,,,,,,,,,,,,,,,
2023-03-23 08:42:39,2023-03-23 08:47:51,IP Address,100,312,TRUE,2023-03-23 08:47:52,R_217A7lWHHssbcag,,,,,39.9597,-75.1995,anonymous,EN,1,100,20,More inclined to attend,Neutral,No,No,Somewhat agree,Strongly agree,Strongly disagree,Strongly agree,All Programs,Neither agree nor disagree,Strongly disagree,5,All,Yes,5,Somewhat agree,Strongly agree,Somewhat disagree,Somewhat disagree,Strongly agree,Strongly disagree,Neither agree nor disagree,Strongly agree,Somewhat agree,Strongly agree,Letters of intent/interest,Somewhat agree,"I think programs should avoid ""rank to match"" phone calls/emails, etc. because some programs are not entirely truthful. I had received a RTM call with language implying I was at the top of a program's list and ranked them number 1 and did not match there. The whole process of post-interview communication needs to be standardized with strict guidelines because too many programs do too many different things and it makes decision making even harder during the toughest time of our medical career."
,,,,,,,,,,,,,,,,,,,,,,,,,,,,,,,,,,,,,,,,,,,,,,
2023-03-23 08:47:10,2023-03-23 08:49:43,IP Address,100,152,TRUE,2023-03-23 08:49:43,R_30pICs0sgf9sI95,,,,,29.9353,-90.074,anonymous,EN,1,93,11,Neutral,More inclined,Yes,Yes,Strongly agree,Strongly agree,Somewhat disagree,Strongly agree,I did not send any thank you notes,Strongly agree,Strongly agree,4,All,Yes,4,Strongly agree,Strongly agree,Strongly disagree,Strongly disagree,Strongly agree,Strongly agree,Neither agree nor disagree,Strongly agree,Strongly agree,Strongly agree,Letters of intent/interest,Strongly agree,
,,,,,,,,,,,,,,,,,,,,,,,,,,,,,,,,,,,,,,,,,,,,,,
2023-03-23 08:41:56,2023-03-23 08:50:45,IP Address,100,529,TRUE,2023-03-23 08:50:46,R_2aLjM6KqOKF8zOA,,,,,38.0152,-84.4894,anonymous,EN,0.800000011920929,50,8,Neutral,Neutral,No,No,Somewhat agree,Somewhat agree,Neither agree nor disagree,Strongly agree,I did not send any thank you notes,Somewhat agree,Somewhat agree,3,Most,Yes,4,Somewhat disagree,Somewhat disagree,Somewhat agree,Somewhat disagree,Neither agree nor disagree,Somewhat disagree,Strongly agree,Somewhat agree,Somewhat agree,Strongly agree,Letters of intent/interest,Strongly agree,"A set of standardized definitions for post-interview communication, especially what constitutes “rank to match” communication, would reduce stress associated with communication "
,,,,,,,,,,,,,,,,,,,,,,,,,,,,,,,,,,,,,,,,,,,,,,
2023-03-23 08:47:51,2023-03-23 08:51:03,IP Address,100,192,TRUE,2023-03-23 08:51:04,R_z7iikNpcJhBwWBP,,,,,40.7428,-73.9712,anonymous,EN,0.8999999761581420,100,13,More inclined to attend,More inclined,Yes,No,Strongly agree,Strongly agree,Neither agree nor disagree,Somewhat agree,Programs that I liked,Neither agree nor disagree,Somewhat disagree,4,All,Yes,4,Somewhat agree,Somewhat agree,Somewhat disagree,Somewhat disagree,Somewhat Agree,Neither agree nor disagree,Somewhat agree,Somewhat disagree,Somewhat agree,Neither agree nor disagree,Letters of intent/interest,Somewhat agree,
,,,,,,,,,,,,,,,,,,,,,,,,,,,,,,,,,,,,,,,,,,,,,,
2023-03-23 08:48:35,2023-03-23 08:51:41,IP Address,100,185,TRUE,2023-03-23 08:51:41,R_1CgtauBiGyepyIH,,,,,42.3562,-71.0631,anonymous,EN,0.8999999761581420,85,14,Neutral,Neutral,Yes,Yes,Strongly agree,Strongly agree,Strongly agree,Strongly agree,Programs that I liked,Strongly agree,Strongly agree,9,Most,Yes,2,Strongly agree,Strongly agree,Strongly disagree,Strongly disagree,Strongly agree,Somewhat disagree,Strongly agree,,,,Letters of intent/interest,Somewhat agree,
,,,,,,,,,,,,,,,,,,,,,,,,,,,,,,,,,,,,,,,,,,,,,,
2023-03-23 08:55:12,2023-03-23 09:03:38,IP Address,100,506,TRUE,2023-03-23 09:03:39,R_2D8fuCt9sdx7YM0,,,,,43.0158,-85.6331,anonymous,EN,1,78,20,Neutral,Neutral,No,No,Somewhat agree,Somewhat agree,Somewhat agree,Somewhat disagree,Programs that I liked,Somewhat disagree,Somewhat disagree,10,All,Yes,2,Somewhat disagree,Somewhat disagree,Neither agree nor disagree,Somewhat disagree,Somewhat Agree,Strongly disagree,Strongly agree,Somewhat agree,Somewhat agree,Somewhat agree,Letters of intent/interest,Strongly disagree,
,,,,,,,,,,,,,,,,,,,,,,,,,,,,,,,,,,,,,,,,,,,,,,
2023-03-23 09:03:54,2023-03-23 09:07:19,IP Address,100,204,TRUE,2023-03-23 09:07:19,R_1ptW2g7KQX6YsRA,,,,,43.5376,-96.6818,anonymous,EN,0.8999999761581420,95,13,More inclined to attend,Neutral,Yes,Yes,Neither agree nor disagree,Somewhat agree,Strongly agree,Somewhat disagree,I did not send any thank you notes,Strongly disagree,Somewhat agree,5,Most,No,0,Somewhat disagree,Somewhat agree,Somewhat disagree,Somewhat disagree,Neither agree nor disagree,Strongly disagree,Strongly agree,Strongly agree,Strongly agree,Somewhat disagree,Second looks,Strongly disagree,
,,,,,,,,,,,,,,,,,,,,,,,,,,,,,,,,,,,,,,,,,,,,,,
2023-03-23 09:13:32,2023-03-23 09:18:04,IP Address,100,272,TRUE,2023-03-23 09:18:05,R_3JaAzaV7N6wRVqa,,,,,45.5334,12.6434,anonymous,EN,0.8999999761581420,50,19,Less inclined to attend,Neutral,Yes,No,Strongly agree,Neither agree nor disagree,Neither agree nor disagree,Somewhat disagree,All Programs,Somewhat agree,Somewhat disagree,3,Few,Yes,1,Somewhat agree,Somewhat agree,Somewhat disagree,Somewhat disagree,Somewhat Agree,Strongly disagree,Strongly agree,Neither agree nor disagree,Somewhat agree,Somewhat agree,Letters of intent/interest,Somewhat disagree,
,,,,,,,,,,,,,,,,,,,,,,,,,,,,,,,,,,,,,,,,,,,,,,
2023-03-23 09:21:48,2023-03-23 09:24:45,IP Address,100,176,TRUE,2023-03-23 09:24:45,R_3g7d96URrI4jfJN,,,,,33.3874,-112.0998,anonymous,EN,1,69,26,Less inclined to attend,Neutral,Yes,Yes,Strongly agree,Somewhat agree,Strongly disagree,Somewhat disagree,All Programs,Strongly agree,Neither agree nor disagree,10,Most,Yes,10,Strongly agree,Strongly agree,Somewhat disagree,Somewhat disagree,Strongly agree,Somewhat disagree,Somewhat disagree,Somewhat agree,Somewhat agree,Strongly agree,Thank you notes,Somewhat agree,
,,,,,,,,,,,,,,,,,,,,,,,,,,,,,,,,,,,,,,,,,,,,,,
2023-03-23 09:20:48,2023-03-23 09:27:36,IP Address,100,408,TRUE,2023-03-23 09:27:37,R_27sccv9x7qJKuTm,,,,,32.7889,-96.8021,anonymous,EN,0.8999999761581420,80,25,Less inclined to attend,Neutral,Yes,Yes,Strongly agree,Strongly agree,Strongly agree,Strongly agree,Programs that I liked,Strongly agree,Strongly agree,6,All,Yes,3,Strongly agree,Strongly agree,Strongly disagree,Strongly disagree,Strongly agree,Strongly agree,Strongly agree,Strongly agree,Strongly agree,Strongly agree,Letters of intent/interest,Strongly agree,"Thanks for doing this study. The TRUTH is that lots of PDs and Chairs talk a big game about honesty and integrity but make match violations left and right. I had a PD during an interview tell me I’ll be ranked to match IF I sent them an LOI. I did and I did not match at that program. Another second look occurred a few days before match list deadline and the Chair called a few of us (we the applicants kept up with each other) and made statements that were very clearly along the lines of we will rank you to match if you tell us you’re coming here. Post interview communications of any sort should be prohibited, including notes, phone calls, etc… If second looks happen, honestly that’s helpful but if and only if the program’s list is OFFICIALLY sealed. Thanks again for your efforts!"
,,,,,,,,,,,,,,,,,,,,,,,,,,,,,,,,,,,,,,,,,,,,,,
2023-03-23 09:21:08,2023-03-23 09:28:00,IP Address,100,412,TRUE,2023-03-23 09:28:01,R_Abzkvlkg7LsNHA5,,,,,26.348,-80.1498,anonymous,EN,1,93,30,Neutral,Neutral,Yes,Yes,Somewhat agree,Somewhat agree,Neither agree nor disagree,Somewhat agree,All Programs,Somewhat agree,Somewhat agree,9,Most,Yes,8,Somewhat disagree,Somewhat disagree,Somewhat agree,Strongly disagree,Strongly agree,Somewhat disagree,Neither agree nor disagree,Somewhat disagree,Somewhat disagree,Strongly agree,Letters of intent/interest,Somewhat agree,"For the applicants, especially those from smaller medical schools without home programs, it can be nice to let certain programs know that you actually want to end up there. The issue is that people from every school do this and they all lose meaning."
,,,,,,,,,,,,,,,,,,,,,,,,,,,,,,,,,,,,,,,,,,,,,,
2023-03-23 09:43:11,2023-03-23 09:48:50,IP Address,100,338,TRUE,2023-03-23 09:48:51,R_3fNy4iyeKiTxKaF,,,,,39.7647,-89.7379,anonymous,EN,0.8999999761581420,100,48,More inclined to attend,Neutral,Yes,Yes,Strongly agree,Strongly agree,Strongly agree,Strongly agree,Programs that I liked,Somewhat agree,Somewhat agree,8,Most,Yes,1,Neither agree nor disagree,Neither agree nor disagree,Neither agree nor disagree,Neither agree nor disagree,Somewhat Agree,Somewhat disagree,Somewhat agree,Somewhat agree,Somewhat agree,Strongly agree,Letters of intent/interest,Somewhat agree,
,,,,,,,,,,,,,,,,,,,,,,,,,,,,,,,,,,,,,,,,,,,,,,
2023-03-23 09:52:11,2023-03-23 09:54:53,IP Address,100,162,TRUE,2023-03-23 09:54:54,R_6sMFlEoK5K8FJBv,,,,,32.4736,-93.8039,anonymous,EN,1,74,12,More inclined to attend,More inclined,Yes,No,Strongly agree,Neither agree nor disagree,Somewhat disagree,Neither agree nor disagree,All Programs,Strongly agree,Neither agree nor disagree,5,All,Yes,2,Somewhat agree,Somewhat agree,Somewhat disagree,Somewhat disagree,Strongly agree,Strongly disagree,Strongly agree,Somewhat agree,Neither agree nor disagree,Somewhat agree,Letters of intent/interest,Neither agree nor disagree,
,,,,,,,,,,,,,,,,,,,,,,,,,,,,,,,,,,,,,,,,,,,,,,
2023-03-23 09:55:58,2023-03-23 09:58:37,IP Address,100,158,TRUE,2023-03-23 09:58:37,R_2EsYFX6nDwqmZ6Y,,,,,41.182,-104.8093,anonymous,EN,0.800000011920929,100,15,Neutral,Less inclined,Yes,Yes,Strongly agree,Strongly agree,Neither agree nor disagree,Neither agree nor disagree,Programs that I liked,Somewhat agree,Strongly agree,4,Most,Yes,2,Strongly agree,Somewhat agree,Somewhat disagree,Strongly disagree,Strongly agree,Somewhat disagree,Neither agree nor disagree,Strongly agree,Somewhat agree,Neither agree nor disagree,Second looks,Somewhat disagree,
,,,,,,,,,,,,,,,,,,,,,,,,,,,,,,,,,,,,,,,,,,,,,,
2023-03-23 09:58:40,2023-03-23 10:10:45,IP Address,100,724,TRUE,2023-03-23 10:10:45,R_1IrRGZYdgGnpItd,,,,,42.6552,-73.802,anonymous,EN,0.8999999761581420,100,7,Less inclined to attend,Neutral,Yes,No,Strongly agree,Strongly agree,Somewhat disagree,Somewhat disagree,All Programs,Strongly agree,Somewhat agree,2,All,Yes,2,Strongly agree,Strongly agree,Somewhat disagree,Somewhat disagree,Strongly agree,Strongly disagree,Somewhat disagree,Somewhat agree,Strongly agree,Somewhat disagree,Letters of intent/interest,Strongly disagree,
,,,,,,,,,,,,,,,,,,,,,,,,,,,,,,,,,,,,,,,,,,,,,,
2023-03-23 10:17:00,2023-03-23 10:22:17,IP Address,100,316,TRUE,2023-03-23 10:22:17,R_1q9cafSOgRYUsEz,,,,,37.353,-79.1557,anonymous,EN,1,100,16,More inclined to attend,Neutral,No,Yes,Neither agree nor disagree,Somewhat agree,Somewhat agree,Strongly agree,Programs that I liked,Strongly agree,Somewhat agree,8,All,Yes,8,Somewhat disagree,Somewhat disagree,Somewhat agree,Neither agree nor disagree,Somewhat Agree,Strongly disagree,Strongly agree,Strongly agree,Somewhat agree,Strongly agree,Letters of intent/interest,Somewhat agree,Post interview communication preferences should be clearly stated by each program for all applicants to be aware.
,,,,,,,,,,,,,,,,,,,,,,,,,,,,,,,,,,,,,,,,,,,,,,
2023-03-23 10:18:30,2023-03-23 10:23:07,IP Address,100,277,TRUE,2023-03-23 10:23:08,R_3fitGDueVfsV1PC,,,,,33.5038,-112.0253,anonymous,EN,0.8999999761581420,80,10,Less inclined to attend,Less inclined,Yes,Yes,Strongly agree,Strongly agree,Somewhat disagree,Strongly agree,All Programs,Strongly agree,Strongly agree,3,Most,Yes,3,Somewhat disagree,Strongly agree,Strongly disagree,Strongly disagree,Strongly agree,Strongly agree,Strongly agree,Strongly agree,Somewhat agree,Strongly agree,Letters of intent/interest,Strongly agree,
,,,,,,,,,,,,,,,,,,,,,,,,,,,,,,,,,,,,,,,,,,,,,,
2023-03-23 10:21:09,2023-03-23 10:23:39,IP Address,100,149,TRUE,2023-03-23 10:23:39,R_27rpVxClsSFlAP8,,,,,41.2612,-95.9354,anonymous,EN,0.8999999761581420,80,15,Neutral,Neutral,Yes,Yes,Strongly agree,Strongly agree,Strongly disagree,Strongly agree,Programs that I liked,Somewhat agree,Strongly agree,4,All,No,0,Somewhat agree,Somewhat agree,Somewhat disagree,Somewhat disagree,Somewhat Agree,Somewhat disagree,Neither agree nor disagree,Strongly agree,Somewhat disagree,Strongly agree,Letters of intent/interest,Strongly agree,
,,,,,,,,,,,,,,,,,,,,,,,,,,,,,,,,,,,,,,,,,,,,,,
2023-03-23 11:34:00,2023-03-23 11:37:38,IP Address,100,217,TRUE,2023-03-23 11:37:39,R_9MLR4GUx2WAX1GF,,,,,29.7545,-95.4093,anonymous,EN,0.8999999761581420,78,13,More inclined to attend,Neutral,Yes,Yes,Strongly agree,Somewhat disagree,Strongly disagree,Strongly disagree,Programs that I liked,Strongly disagree,Somewhat agree,5,Most,Yes,5,Somewhat disagree,Somewhat agree,Somewhat disagree,Somewhat disagree,Strongly agree,Neither agree nor disagree,Strongly disagree,Somewhat agree,Strongly agree,Somewhat agree,Thank you notes,Somewhat disagree,
,,,,,,,,,,,,,,,,,,,,,,,,,,,,,,,,,,,,,,,,,,,,,,
2023-03-23 13:14:06,2023-03-23 13:20:00,IP Address,100,353,TRUE,2023-03-23 13:20:00,R_2DNSceS4iDR2uns,,,,,39.7318,-104.9669,anonymous,EN,1,100,22,Neutral,More inclined,Yes,Yes,Somewhat agree,Strongly agree,Neither agree nor disagree,Somewhat disagree,Programs that I liked,Somewhat disagree,Somewhat disagree,7,Most,Yes,3,Somewhat agree,Somewhat agree,Somewhat disagree,Somewhat disagree,Somewhat Agree,Strongly disagree,Strongly agree,Somewhat agree,Strongly agree,Somewhat disagree,Letters of intent/interest,Somewhat disagree,"Post-interview communication was stressful but it also gave me some feeling of control in a process where you feel like you have no control. I liked that I was able to send letters to programs that I was interested in. A suggestion would be a formalized process for how schools respond to those (not at all, standardized response) and publicizing that so the student isn't left to wonder and try to interpret each word a PD types. "
,,,,,,,,,,,,,,,,,,,,,,,,,,,,,,,,,,,,,,,,,,,,,,
2023-03-23 13:22:43,2023-03-23 13:29:27,IP Address,100,403,TRUE,2023-03-23 13:29:28,R_1i9A4LnF9M18ItY,,,,,39.7436,-86.1158,anonymous,EN,1,90,28,Neutral,Neutral,Yes,Yes,Somewhat agree,Strongly agree,Somewhat disagree,Neither agree nor disagree,All Programs,Somewhat disagree,Somewhat disagree,25,Most,Yes,15,Neither agree nor disagree,Neither agree nor disagree,Somewhat agree,Somewhat agree,Somewhat Agree,Strongly disagree,Strongly agree,Somewhat disagree,Neither agree nor disagree,Somewhat agree,Letters of intent/interest,Somewhat disagree,
,,,,,,,,,,,,,,,,,,,,,,,,,,,,,,,,,,,,,,,,,,,,,,
2023-03-23 20:32:44,2023-03-23 20:40:20,IP Address,100,456,TRUE,2023-03-23 20:40:20,R_1fadDsaQI05b2oJ,,,,,38.0271,-78.4797,anonymous,EN,0.8999999761581420,71,22,More inclined to attend,Neutral,Yes,No,Somewhat disagree,Strongly disagree,Strongly disagree,Strongly agree,I did not send any thank you notes,Strongly disagree,Strongly agree,10,All,Yes,3,Strongly disagree,Strongly Disagree,Neither agree nor disagree,Somewhat agree,Strongly agree,Strongly disagree,Strongly agree,Strongly disagree,Strongly agree,Strongly disagree,Letters of intent/interest,Strongly agree,
,,,,,,,,,,,,,,,,,,,,,,,,,,,,,,,,,,,,,,,,,,,,,,
2023-03-23 13:57:20,2023-03-23 21:18:31,IP Address,100,26470,TRUE,2023-03-23 21:18:31,R_3XmGEoi2BdfOUj7,,,,,36.1671,-86.7861,anonymous,EN,0.8999999761581420,53,16,More inclined to attend,More inclined,Yes,No,Somewhat agree,Somewhat agree,Neither agree nor disagree,Neither agree nor disagree,Programs that I liked,Somewhat disagree,Neither agree nor disagree,12,Most,Yes,6,Somewhat agree,Somewhat agree,Somewhat disagree,Somewhat disagree,Somewhat Agree,Somewhat disagree,Neither agree nor disagree,Somewhat agree,Somewhat agree,,Letters of intent/interest,Somewhat disagree,
,,,,,,,,,,,,,,,,,,,,,,,,,,,,,,,,,,,,,,,,,,,,,,
2023-03-24 06:42:29,2023-03-24 06:47:09,IP Address,100,279,TRUE,2023-03-24 06:47:09,R_2EzLDq7Tph7L1pq,,,,,39.9597,-75.1995,anonymous,EN,0.8999999761581420,60,24,Less inclined to attend,Less inclined,Yes,Yes,Strongly agree,Strongly agree,Neither agree nor disagree,Somewhat agree,Programs that I liked,Neither agree nor disagree,Neither agree nor disagree,22,Most,Yes,15,Strongly agree,Strongly agree,Somewhat disagree,Strongly disagree,Strongly agree,Somewhat disagree,Neither agree nor disagree,Strongly agree,Somewhat agree,Strongly agree,Letters of intent/interest,Neither agree nor disagree,
,,,,,,,,,,,,,,,,,,,,,,,,,,,,,,,,,,,,,,,,,,,,,,
2023-03-24 08:55:29,2023-03-24 08:59:48,IP Address,100,258,TRUE,2023-03-24 08:59:48,R_D0mtv2lUst6w3Id,,,,,39.9544,-75.1657,anonymous,EN,0.8999999761581420,47,22,More inclined to attend,Neutral,Yes,No,Strongly agree,Strongly agree,Somewhat agree,Somewhat agree,All Programs,Somewhat agree,Somewhat agree,7,Most,Yes,6,Somewhat agree,Somewhat agree,Strongly disagree,Strongly disagree,Strongly agree,Strongly disagree,Strongly agree,Strongly agree,Somewhat agree,Strongly agree,Letters of intent/interest,Somewhat disagree,There needs to be universal guidelines for post-interview communication. 
,,,,,,,,,,,,,,,,,,,,,,,,,,,,,,,,,,,,,,,,,,,,,,
2023-03-24 12:20:34,2023-03-24 12:23:41,IP Address,100,187,TRUE,2023-03-24 12:23:42,R_3fZXBU1fH4ILL6N,,,,,39.9452,-82.9738,anonymous,EN,1,86,10,More inclined to attend,Neutral,No,Yes,Strongly agree,Strongly agree,Neither agree nor disagree,Strongly agree,Programs that I liked,Somewhat agree,Strongly disagree,5,Half,Yes,3,Neither agree nor disagree,Strongly agree,Somewhat disagree,Somewhat disagree,Strongly agree,Strongly disagree,Somewhat agree,Somewhat agree,Strongly agree,Somewhat agree,Letters of intent/interest,Neither agree nor disagree,
,,,,,,,,,,,,,,,,,,,,,,,,,,,,,,,,,,,,,,,,,,,,,,
2023-03-24 12:54:52,2023-03-24 12:57:11,IP Address,100,138,TRUE,2023-03-24 12:57:12,R_1nTw1houvGxOpxn,,,,,38.0321,-78.489,anonymous,EN,0.8999999761581420,60,27,Neutral,More inclined,Yes,Yes,Strongly agree,Somewhat agree,Neither agree nor disagree,Neither agree nor disagree,All Programs,Somewhat agree,Somewhat agree,,Most,Yes,10,Somewhat agree,Neither agree nor disagree,Neither agree nor disagree,Somewhat disagree,Somewhat Agree,Strongly agree,Neither agree nor disagree,Strongly agree,Strongly agree,Somewhat agree,Second looks,Neither agree nor disagree,
,,,,,,,,,,,,,,,,,,,,,,,,,,,,,,,,,,,,,,,,,,,,,,
2023-03-24 17:47:06,2023-03-24 17:54:32,IP Address,100,445,TRUE,2023-03-24 17:54:32,R_b2XmHSaR1VD0kh3,,,,,44.9036,-123.0461,anonymous,EN,1,,10,Neutral,Neutral,Yes,Yes,Somewhat agree,Strongly agree,Strongly disagree,Somewhat agree,Programs that I liked,Somewhat agree,Somewhat agree,2,All,Yes,2,Somewhat disagree,Strongly Disagree,Somewhat agree,Neither agree nor disagree,Somewhat Agree,Strongly disagree,Strongly disagree,Strongly agree,Neither agree nor disagree,Strongly agree,Letters of intent/interest,Somewhat agree,
,,,,,,,,,,,,,,,,,,,,,,,,,,,,,,,,,,,,,,,,,,,,,,
2023-03-25 15:15:06,2023-03-25 15:18:17,IP Address,100,191,TRUE,2023-03-25 15:18:17,R_1gNGaCaImaHxl5o,,,,,38.6433,-90.2575,anonymous,EN,1,87,30,Neutral,Neutral,Yes,Yes,Strongly agree,Strongly agree,Somewhat disagree,Neither agree nor disagree,I did not send any thank you notes,Neither agree nor disagree,Somewhat disagree,1,All,Yes,1,Strongly agree,Somewhat agree,Somewhat disagree,Somewhat disagree,Somewhat Agree,Strongly disagree,Somewhat agree,Somewhat agree,Somewhat agree,Neither agree nor disagree,Letters of intent/interest,Somewhat disagree,
,,,,,,,,,,,,,,,,,,,,,,,,,,,,,,,,,,,,,,,,,,,,,,
2023-03-26 13:36:55,2023-03-26 13:40:02,IP Address,100,187,TRUE,2023-03-26 13:40:02,R_4I4oYKmVOOrqDKx,,,,,29.8097,-82.4675,anonymous,EN,0.8999999761581420,55,24,Neutral,Less inclined,Yes,Yes,Strongly agree,Strongly agree,Neither agree nor disagree,Neither agree nor disagree,Programs that I liked,Somewhat agree,Neither agree nor disagree,6,All,Yes,5,Somewhat agree,Somewhat agree,Somewhat disagree,Somewhat disagree,Strongly agree,Neither agree nor disagree,Somewhat agree,Strongly agree,Somewhat agree,Strongly agree,Letters of intent/interest,Somewhat agree,
,,,,,,,,,,,,,,,,,,,,,,,,,,,,,,,,,,,,,,,,,,,,,,
2023-03-27 18:30:04,2023-03-27 18:36:09,IP Address,100,365,TRUE,2023-03-27 18:36:09,R_ysFjFB9uGKEHZzH,,,,,32.4699,-90.1102,anonymous,EN,1,94,22,More inclined to attend,More inclined,Yes,Yes,Somewhat agree,Strongly agree,Strongly disagree,Neither agree nor disagree,All Programs,Strongly agree,Neither agree nor disagree,10,Most,Yes,5,Somewhat agree,Somewhat agree,Neither agree nor disagree,Somewhat disagree,Somewhat Agree,Somewhat agree,Somewhat agree,Somewhat agree,Somewhat disagree,Neither agree nor disagree,Second looks,Neither agree nor disagree,
,,,,,,,,,,,,,,,,,,,,,,,,,,,,,,,,,,,,,,,,,,,,,,
2023-03-28 11:09:17,2023-03-28 11:15:37,IP Address,100,379,TRUE,2023-03-28 11:15:38,R_qUFWFZHkkVv0VAl,,,,,40.916,-73.0497,anonymous,EN,1,100,34,Neutral,Neutral,Yes,No,Somewhat disagree,Somewhat agree,Strongly disagree,Somewhat disagree,All Programs,Somewhat disagree,Somewhat agree,10,Most,Yes,7,Somewhat agree,Somewhat agree,Somewhat disagree,Somewhat disagree,Strongly agree,Somewhat disagree,Somewhat agree,Strongly agree,Neither agree nor disagree,Strongly agree,Letters of intent/interest,Neither agree nor disagree,
,,,,,,,,,,,,,,,,,,,,,,,,,,,,,,,,,,,,,,,,,,,,,,
2023-03-23 08:52:36,2023-03-23 08:53:56,IP Address,47,79,FALSE,2023-03-30 08:53:56,R_PU1qzgVmioP6YFz,,,,,,,anonymous,EN,1,93,11,Neutral,Neutral,Yes,No,Strongly agree,Neither agree nor disagree,Neither agree nor disagree,Somewhat agree,I did not send any thank you notes,Neither agree nor disagree,Strongly agree,2,,,,,,,,,,,,,,,,
,,,,,,,,,,,,,,,,,,,,,,,,,,,,,,,,,,,,,,,,,,,,,,
2023-03-30 09:52:31,2023-03-30 09:57:32,IP Address,100,300,TRUE,2023-03-30 09:57:32,R_2QE5UV6TKiyonf0,,,,,42.4607,-83.4582,anonymous,EN,1,54,12,More inclined to attend,Neutral,Yes,No,Strongly agree,Somewhat disagree,Somewhat disagree,Somewhat disagree,I did not send any thank you notes,Somewhat agree,Neither agree nor disagree,2,Most,Yes,2,Strongly agree,Somewhat agree,Strongly disagree,Strongly disagree,Somewhat Agree,Strongly disagree,Strongly agree,Strongly agree,Somewhat agree,Somewhat agree,Second looks,Somewhat disagree,
,,,,,,,,,,,,,,,,,,,,,,,,,,,,,,,,,,,,,,,,,,,,,,
2023-03-30 10:05:23,2023-03-30 10:10:28,IP Address,100,305,TRUE,2023-03-30 10:10:28,R_3rNX7jtq47j515f,,,,,41.4722,-81.745,anonymous,EN,0.8999999761581420,65,25,Less inclined to attend,Neutral,Yes,No,Strongly agree,Strongly agree,Somewhat agree,Strongly agree,I did not send any thank you notes,Somewhat agree,Strongly agree,10,Few,Yes,8,Strongly agree,Strongly agree,Strongly disagree,Strongly disagree,Strongly agree,Strongly agree,Somewhat agree,Strongly agree,Strongly agree,Strongly agree,Letters of intent/interest,Strongly agree,You should not require students to do a second look or you won’t rank them. I believe that is a match violation.
,,,,,,,,,,,,,,,,,,,,,,,,,,,,,,,,,,,,,,,,,,,,,,
2023-03-30 10:34:17,2023-03-30 10:38:03,IP Address,100,226,TRUE,2023-03-30 10:38:04,R_2f9WSRLF4YCFgVq,,,,,34.111,-84.3025,anonymous,EN,0.8999999761581420,100,26,Neutral,More inclined,Yes,Yes,Strongly disagree,Strongly disagree,Strongly disagree,Somewhat disagree,I did not send any thank you notes,Strongly disagree,Neither agree nor disagree,3,All,Yes,3,Strongly disagree,Strongly Disagree,Strongly agree,Neither agree nor disagree,Strongly disagree,Somewhat disagree,Strongly agree,Somewhat agree,Somewhat disagree,Somewhat agree,None caused stress,Strongly disagree,
,,,,,,,,,,,,,,,,,,,,,,,,,,,,,,,,,,,,,,,,,,,,,,
2023-03-30 11:34:10,2023-03-30 11:39:12,IP Address,100,301,TRUE,2023-03-30 11:39:12,R_QcAI8UdaZBP847L,,,,,45.6435,-122.6247,anonymous,EN,0.8999999761581420,100,1,Neutral,Neutral,Yes,Yes,Strongly agree,Strongly agree,Neither agree nor disagree,Somewhat disagree,All Programs,Somewhat agree,Somewhat disagree,1,All,No,1,Strongly disagree,Neither agree nor disagree,Somewhat agree,Neither agree nor disagree,Somewhat disagree,Strongly disagree,Neither agree nor disagree,Strongly agree,Strongly agree,Strongly disagree,None caused stress,Strongly disagree,
,,,,,,,,,,,,,,,,,,,,,,,,,,,,,,,,,,,,,,,,,,,,,,
2023-03-30 12:35:04,2023-03-30 12:43:24,IP Address,100,500,TRUE,2023-03-30 12:43:25,R_z6hUMc0Pr2HPlS1,,,,,33.8231,-84.3258,anonymous,EN,1,84,14,Neutral,Less inclined,Yes,Yes,Somewhat disagree,Somewhat agree,Strongly disagree,Somewhat agree,I did not send any thank you notes,Strongly disagree,Strongly agree,7,All,Yes,2,Strongly disagree,Strongly Disagree,Strongly agree,Somewhat disagree,Strongly agree,Somewhat disagree,Strongly disagree,Strongly agree,Neither agree nor disagree,Somewhat agree,Letters of intent/interest,Neither agree nor disagree,"Overall, there are many issues inherent to post-interview letters of intent. I strongly believe that it should be appropriate and possible to communicate to your #1 choice program that they are, indeed, at the top of your list. However, without a way for programs to discern which of these letters are given in good faith to just one program, I see an issue with them being able to believe it/make meaningful use of it. If there was a structured way to do this (similar to program signaling on the ERAS supplemental app), I would think this would benefit both applicants and programs."
,,,,,,,,,,,,,,,,,,,,,,,,,,,,,,,,,,,,,,,,,,,,,,
2023-03-30 12:53:09,2023-03-30 12:56:12,IP Address,100,182,TRUE,2023-03-30 12:56:12,R_WiIVRNFNCIBMYKt,,,,,33.1371,-96.7488,anonymous,EN,1,60,16,Neutral,Neutral,Yes,Yes,Strongly agree,Neither agree nor disagree,Neither agree nor disagree,Neither agree nor disagree,All Programs,Neither agree nor disagree,Neither agree nor disagree,3,All,Yes,1,Neither agree nor disagree,Neither agree nor disagree,Somewhat agree,Somewhat agree,Strongly agree,Somewhat disagree,Neither agree nor disagree,Somewhat agree,Somewhat agree,Neither agree nor disagree,None caused stress,Neither agree nor disagree,
,,,,,,,,,,,,,,,,,,,,,,,,,,,,,,,,,,,,,,,,,,,,,,
2023-03-30 14:11:17,2023-03-30 14:15:06,IP Address,100,229,TRUE,2023-03-30 14:15:07,R_RaFHNQDolcT82eB,,,,,42.9767,-78.7959,anonymous,EN,0.8999999761581420,75,25,Less inclined to attend,Neutral,Yes,No,Strongly agree,Strongly agree,Strongly disagree,Somewhat agree,I did not send any thank you notes,Somewhat disagree,Somewhat agree,10,All,Yes,5,Somewhat disagree,Somewhat agree,Somewhat disagree,Strongly disagree,Somewhat disagree,Strongly disagree,Strongly agree,Neither agree nor disagree,Somewhat agree,Somewhat agree,Letters of intent/interest,Somewhat disagree,
,,,,,,,,,,,,,,,,,,,,,,,,,,,,,,,,,,,,,,,,,,,,,,
2023-03-30 18:01:34,2023-03-30 18:04:24,IP Address,100,170,TRUE,2023-03-30 18:04:24,R_2c7pVR2BIBFcubC,,,,,35.6837,139.6805,anonymous,EN,0.800000011920929,77,18,More inclined to attend,More inclined,Yes,Yes,Strongly agree,Somewhat agree,Somewhat disagree,Strongly agree,I did not send any thank you notes,Neither agree nor disagree,Strongly agree,3,Most,Yes,2,Strongly agree,Strongly agree,Strongly disagree,Somewhat disagree,Strongly agree,Strongly disagree,Strongly agree,Strongly disagree,Strongly disagree,Strongly agree,Letters of intent/interest,Strongly agree,
,,,,,,,,,,,,,,,,,,,,,,,,,,,,,,,,,,,,,,,,,,,,,,
2023-03-23 20:14:36,2023-03-23 20:15:45,IP Address,13,69,FALSE,2023-03-30 20:15:47,R_1F5Gtyc7ptXyga5,,,,,,,anonymous,EN,1,62,17,More inclined to attend,Neutral,,,,,,,,,,,,,,,,,,,,,,,,,,
,,,,,,,,,,,,,,,,,,,,,,,,,,,,,,,,,,,,,,,,,,,,,,
2023-03-31 09:28:33,2023-03-31 09:31:03,IP Address,100,150,TRUE,2023-03-31 09:31:04,R_TvkZjn8MTkClt8B,,,,,40.4295,-80.0152,anonymous,EN,0.8999999761581420,70,30,Neutral,Neutral,Yes,No,Somewhat agree,Somewhat agree,Somewhat agree,Somewhat agree,All Programs,Strongly agree,Somewhat agree,25,Most,Yes,26,Somewhat agree,Somewhat agree,Somewhat disagree,Somewhat disagree,Somewhat Agree,Somewhat agree,Somewhat agree,Neither agree nor disagree,Strongly agree,Neither agree nor disagree,Letters of intent/interest,Neither agree nor disagree,
,,,,,,,,,,,,,,,,,,,,,,,,,,,,,,,,,,,,,,,,,,,,,,
2023-03-24 10:53:27,2023-03-24 10:55:40,IP Address,47,132,FALSE,2023-03-31 10:55:43,R_3nMZNjZroQecaYw,,,,,,,anonymous,EN,1,100,17,Neutral,Neutral,Yes,Yes,Somewhat agree,Somewhat agree,Neither agree nor disagree,Somewhat agree,All Programs,Strongly agree,Neither agree nor disagree,3,,,,,,,,,,,,,,,,
,,,,,,,,,,,,,,,,,,,,,,,,,,,,,,,,,,,,,,,,,,,,,,
2023-03-31 14:28:11,2023-03-31 14:38:09,IP Address,100,598,TRUE,2023-03-31 14:38:10,R_2QXQSj801LEI6qG,,,,,40.5928,-76.1373,anonymous,EN,1,100,16,More inclined to attend,Less inclined,Yes,No,Somewhat agree,Neither agree nor disagree,Neither agree nor disagree,Neither agree nor disagree,Programs that I liked,Strongly agree,Strongly agree,4,All,Yes,4,Strongly disagree,Somewhat agree,Somewhat disagree,Neither agree nor disagree,Somewhat Agree,Somewhat disagree,Somewhat agree,Strongly agree,Strongly agree,Strongly agree,Thank you notes,Somewhat disagree,Thank you letters felt disingenuous after a 20 minute meeting. Sending a letter to your top program explaining why you were ranking them first felt more genuine.
,,,,,,,,,,,,,,,,,,,,,,,,,,,,,,,,,,,,,,,,,,,,,,
2023-03-31 15:30:39,2023-03-31 15:32:52,IP Address,100,133,TRUE,2023-03-31 15:32:53,R_XNubdhUL2eefBSN,,,,,42.2314,-83.6344,anonymous,EN,1,100,10,Neutral,Neutral,No,Yes,Somewhat agree,Somewhat agree,Somewhat agree,Neither agree nor disagree,All Programs,Strongly agree,Neither agree nor disagree,4,All,Yes,3,Strongly disagree,Strongly Disagree,Somewhat agree,Somewhat agree,Strongly agree,Somewhat disagree,Strongly agree,Somewhat agree,Somewhat agree,Strongly agree,Thank you notes,Neither agree nor disagree,
,,,,,,,,,,,,,,,,,,,,,,,,,,,,,,,,,,,,,,,,,,,,,,
2023-03-31 16:03:24,2023-03-31 16:08:51,IP Address,100,327,TRUE,2023-03-31 16:08:51,R_2UhpjoXvwDImkFV,,,,,29.7373,-95.3972,anonymous,EN,1,50,30,More inclined to attend,More inclined,No,No,Neither agree nor disagree,Neither agree nor disagree,Neither agree nor disagree,Somewhat disagree,I did not send any thank you notes,Neither agree nor disagree,Somewhat agree,15,Most,Yes,,Neither agree nor disagree,Neither agree nor disagree,Somewhat disagree,Somewhat disagree,Strongly agree,Somewhat agree,Neither agree nor disagree,Somewhat agree,Somewhat agree,Somewhat agree,Second looks,Somewhat agree,
,,,,,,,,,,,,,,,,,,,,,,,,,,,,,,,,,,,,,,,,,,,,,,
2023-04-04 11:57:12,2023-04-04 12:15:00,IP Address,100,1067,TRUE,2023-04-04 12:15:01,R_3eq75g3zhk9B5kU,,,,,32.5109,-84.9794,anonymous,EN,1,80,20,More inclined to attend,More inclined,Yes,No,Somewhat agree,Strongly disagree,Neither agree nor disagree,Somewhat agree,I did not send any thank you notes,Somewhat agree,Somewhat agree,5,Most,No,3,Strongly disagree,Somewhat agree,Somewhat disagree,Somewhat disagree,Neither agree nor disagree,Somewhat disagree,Somewhat disagree,Neither agree nor disagree,Neither agree nor disagree,Somewhat agree,Second looks,Somewhat agree,"Thank you, UAB interview day was excellent and I respected their policy on 2nd looks"
,,,,,,,,,,,,,,,,,,,,,,,,,,,,,,,,,,,,,,,,,,,,,,
2023-04-05 09:25:49,2023-04-05 09:31:45,IP Address,100,356,TRUE,2023-04-05 09:31:46,R_4TLVY9QTZ8deHbb,,,,,40.0923,-74.2252,anonymous,EN,1,76,19,More inclined to attend,More inclined,Yes,Yes,Strongly agree,Strongly agree,Somewhat disagree,Somewhat disagree,All Programs,Somewhat agree,Neither agree nor disagree,15,Most,Yes,11,Strongly agree,Somewhat agree,Somewhat disagree,Somewhat disagree,Strongly agree,Strongly disagree,Strongly agree,Strongly agree,Strongly agree,Strongly agree,Letters of intent/interest,Somewhat disagree,
,,,,,,,,,,,,,,,,,,,,,,,,,,,,,,,,,,,,,,,,,,,,,,
2023-04-05 09:55:48,2023-04-05 09:58:46,IP Address,100,178,TRUE,2023-04-05 09:58:47,R_7ar6dX8pQb7Pyx3,,,,,38.894,-77.0365,anonymous,EN,1,64,11,Neutral,More inclined,Yes,No,Neither agree nor disagree,Neither agree nor disagree,Neither agree nor disagree,Strongly disagree,Programs that I liked,Neither agree nor disagree,Strongly disagree,10,All,Yes,5,Neither agree nor disagree,Neither agree nor disagree,Somewhat agree,Somewhat agree,Neither agree nor disagree,Somewhat disagree,Neither agree nor disagree,Neither agree nor disagree,Somewhat agree,Neither agree nor disagree,Letters of intent/interest,Neither agree nor disagree,
,,,,,,,,,,,,,,,,,,,,,,,,,,,,,,,,,,,,,,,,,,,,,,
2023-04-06 06:04:20,2023-04-06 06:08:32,IP Address,100,252,TRUE,2023-04-06 06:08:32,R_PuJ1usm4NmJwFzj,,,,,40.2744,-76.7062,anonymous,EN,1,100,28,Neutral,More inclined,Yes,Yes,Strongly agree,Strongly agree,Somewhat agree,Somewhat disagree,Programs that I liked,Somewhat agree,Somewhat agree,8,Most,Yes,6,Somewhat agree,Somewhat agree,Somewhat disagree,Somewhat disagree,Somewhat Agree,Neither agree nor disagree,Strongly agree,Strongly agree,Somewhat agree,Strongly agree,Letters of intent/interest,Somewhat agree,
,,,,,,,,,,,,,,,,,,,,,,,,,,,,,,,,,,,,,,,,,,,,,,
2023-04-03 07:32:28,2023-04-03 07:34:12,IP Address,97,103,FALSE,2023-04-10 07:34:16,R_Zfdkyh7hGJDgGDn,,,,,,,anonymous,EN,0.8999999761581420,30,80,,,Yes,Yes,,,,,,,,30,,,,,,,,,,,,,,,,
,,,,,,,,,,,,,,,,,,,,,,,,,,,,,,,,,,,,,,,,,,,,,,
2023-04-10 11:20:37,2023-04-10 11:24:29,IP Address,100,231,TRUE,2023-04-10 11:24:30,R_2vZE3xh5MEfA2oM,,,,,39.0679,-94.713,anonymous,EN,1,75,2,Neutral,Neutral,No,No,Neither agree nor disagree,Somewhat agree,Neither agree nor disagree,Strongly agree,All Programs,Somewhat agree,Neither agree nor disagree,1,All,Yes,1,Neither agree nor disagree,Neither agree nor disagree,Neither agree nor disagree,Somewhat agree,Strongly agree,Somewhat agree,Strongly disagree,Somewhat agree,Somewhat agree,Somewhat agree,Second looks,Somewhat disagree,
,,,,,,,,,,,,,,,,,,,,,,,,,,,,,,,,,,,,,,,,,,,,,,
2023-04-10 12:55:24,2023-04-10 12:57:37,IP Address,100,132,TRUE,2023-04-10 12:57:37,R_AFdweZKnf9twJfX,,,,,34.8295,-82.5812,anonymous,EN,1,80,28,More inclined to attend,Neutral,Yes,Yes,Strongly agree,Strongly agree,Strongly agree,Strongly agree,Programs that I liked,Neither agree nor disagree,Strongly agree,7,All,Yes,1,Neither agree nor disagree,Somewhat agree,Somewhat disagree,Strongly disagree,Somewhat Agree,Strongly agree,Strongly agree,Somewhat agree,Somewhat agree,Strongly agree,Letters of intent/interest,Strongly agree,
,,,,,,,,,,,,,,,,,,,,,,,,,,,,,,,,,,,,,,,,,,,,,,
2023-04-10 13:06:16,2023-04-10 13:37:43,IP Address,100,1886,TRUE,2023-04-10 13:37:44,R_26aSW04bLF8i6eU,,,,,42.9526,-78.895,anonymous,EN,,100,10,Neutral,More inclined,No,No,Somewhat disagree,Neither agree nor disagree,Neither agree nor disagree,Neither agree nor disagree,Programs that I liked,Strongly disagree,Strongly disagree,3,All,Yes,3,Strongly disagree,Strongly Disagree,Somewhat disagree,Neither agree nor disagree,Somewhat Agree,Strongly disagree,Neither agree nor disagree,Neither agree nor disagree,Neither agree nor disagree,Neither agree nor disagree,Letters of intent/interest,Neither agree nor disagree,"This survey is quite enlightening as I wasn't educated about letters of intent during the match process. Some education about the principles that guide the use of letter of intent and how it influences the match process may be helpful for future applicants. Otherwise, thank you for taking the time to create this survey."
,,,,,,,,,,,,,,,,,,,,,,,,,,,,,,,,,,,,,,,,,,,,,,
2023-04-10 13:55:59,2023-04-10 13:56:51,IP Address,100,52,TRUE,2023-04-10 13:56:52,R_2zU8BwaZgLah19A,,,,,39.9195,-75.1565,anonymous,EN,0.800000011920929,,,,,,,,,,,,,,,,,,,,,,,,,,,,,,
,,,,,,,,,,,,,,,,,,,,,,,,,,,,,,,,,,,,,,,,,,,,,,
2023-04-10 13:53:12,2023-04-10 13:58:02,IP Address,100,290,TRUE,2023-04-10 13:58:03,R_3qqctKTlOb81Wgd,,,,,37.5503,-77.3942,anonymous,EN,1,4,4,More inclined to attend,More inclined,Yes,No,Neither agree nor disagree,Neither agree nor disagree,Neither agree nor disagree,Strongly disagree,All Programs,Somewhat agree,Neither agree nor disagree,0,None,No,0,Neither agree nor disagree,Neither agree nor disagree,Neither agree nor disagree,Neither agree nor disagree,Neither agree nor disagree,Neither agree nor disagree,Neither agree nor disagree,Somewhat disagree,Neither agree nor disagree,Neither agree nor disagree,Thank you notes,Strongly disagree,
,,,,,,,,,,,,,,,,,,,,,,,,,,,,,,,,,,,,,,,,,,,,,,
2023-04-10 13:54:39,2023-04-10 14:03:38,IP Address,100,538,TRUE,2023-04-10 14:03:39,R_1DSGomdUc06bdkj,,,,,27.8171,-82.6268,anonymous,EN,1,75,16,Neutral,Neutral,Yes,Yes,Somewhat agree,Neither agree nor disagree,Strongly disagree,Strongly disagree,All Programs,Somewhat agree,Neither agree nor disagree,7,Most,Yes,5,Somewhat agree,Strongly agree,Strongly disagree,Strongly disagree,Somewhat Agree,Neither agree nor disagree,Somewhat agree,Somewhat agree,Somewhat agree,Neither agree nor disagree,None caused stress,Neither agree nor disagree,
,,,,,,,,,,,,,,,,,,,,,,,,,,,,,,,,,,,,,,,,,,,,,,
2023-04-10 14:03:15,2023-04-10 14:09:23,IP Address,100,368,TRUE,2023-04-10 14:09:24,R_vCVc5RG2czfanER,,,,,38.662,-90.2889,anonymous,EN,1,67,26,Neutral,Neutral,Yes,Yes,Strongly agree,Strongly agree,Somewhat disagree,Strongly agree,All Programs,Somewhat agree,Strongly agree,7,Most,Yes,7,Strongly agree,Strongly agree,Strongly disagree,Strongly disagree,Strongly agree,Strongly disagree,Strongly agree,Strongly disagree,Strongly agree,Somewhat agree,Letters of intent/interest,Strongly agree,
,,,,,,,,,,,,,,,,,,,,,,,,,,,,,,,,,,,,,,,,,,,,,,
2023-04-10 15:26:21,2023-04-10 15:28:41,IP Address,100,139,TRUE,2023-04-10 15:28:41,R_216ySS1gpbKE0RI,,,,,38.894,-77.0365,anonymous,EN,0.8999999761581420,100,7,Neutral,Neutral,Yes,Yes,Strongly agree,Strongly agree,Strongly agree,Somewhat agree,All Programs,Strongly disagree,Neither agree nor disagree,3,All,Yes,4,Somewhat agree,Neither agree nor disagree,Somewhat agree,Neither agree nor disagree,Somewhat Agree,Neither agree nor disagree,Strongly agree,Strongly agree,Somewhat agree,Strongly agree,Letters of intent/interest,Somewhat disagree,
,,,,,,,,,,,,,,,,,,,,,,,,,,,,,,,,,,,,,,,,,,,,,,
2023-04-10 16:05:13,2023-04-10 16:09:10,IP Address,100,236,TRUE,2023-04-10 16:09:10,R_3en8dgQ6yAFJLhk,,,,,35.2227,-80.7938,anonymous,EN,0.8999999761581420,45,19,More inclined to attend,Neutral,Yes,Yes,Strongly agree,Somewhat agree,Neither agree nor disagree,Neither agree nor disagree,Programs that I liked,Somewhat disagree,Strongly disagree,8,Most,Yes,6,Strongly agree,Neither agree nor disagree,Strongly disagree,Strongly disagree,Strongly agree,Somewhat disagree,Somewhat agree,Somewhat agree,Somewhat agree,Somewhat disagree,None caused stress,Somewhat disagree,
,,,,,,,,,,,,,,,,,,,,,,,,,,,,,,,,,,,,,,,,,,,,,,
2023-04-10 16:14:07,2023-04-10 16:18:15,IP Address,100,248,TRUE,2023-04-10 16:18:15,R_3knAimOXJBrtJEl,,,,,44.0794,-93.2188,anonymous,EN,0.8999999761581420,81,37,More inclined to attend,More inclined,Yes,Yes,Strongly agree,Somewhat agree,Neither agree nor disagree,Strongly agree,I did not send any thank you notes,Somewhat disagree,Somewhat agree,18,Half,Yes,10,Somewhat agree,Somewhat agree,Somewhat disagree,Somewhat disagree,Strongly agree,Somewhat disagree,Somewhat agree,Somewhat disagree,Somewhat agree,Strongly agree,Letters of intent/interest,Somewhat agree,
,,,,,,,,,,,,,,,,,,,,,,,,,,,,,,,,,,,,,,,,,,,,,,
2023-04-10 18:45:14,2023-04-10 18:57:04,IP Address,100,710,TRUE,2023-04-10 18:57:04,R_27Hw2OIIDkQBaG7,,,,,39.1638,-84.4517,anonymous,EN,1,92,29,Neutral,Neutral,Yes,Yes,Somewhat agree,Somewhat agree,Somewhat disagree,Neither agree nor disagree,All Programs,Somewhat agree,Somewhat agree,10,Most,Yes,8,Somewhat disagree,Somewhat agree,Somewhat disagree,Strongly disagree,Neither agree nor disagree,Somewhat disagree,Somewhat agree,Somewhat disagree,Somewhat agree,Strongly agree,Letters of intent/interest,Somewhat agree,
,,,,,,,,,,,,,,,,,,,,,,,,,,,,,,,,,,,,,,,,,,,,,,
2023-04-11 02:40:21,2023-04-11 02:46:25,IP Address,100,364,TRUE,2023-04-11 02:46:26,R_3k6XinKhiw7kJY2,,,,,38.894,-77.0365,anonymous,EN,0.8999999761581420,51,14,More inclined to attend,More inclined,Yes,Yes,Somewhat agree,Neither agree nor disagree,Somewhat disagree,Strongly disagree,Programs that I liked,Strongly disagree,Somewhat disagree,10,All,Yes,3,Somewhat disagree,Somewhat disagree,Strongly agree,Strongly agree,Strongly agree,Strongly disagree,Somewhat agree,Somewhat disagree,Somewhat agree,Somewhat disagree,Letters of intent/interest,Strongly disagree,
,,,,,,,,,,,,,,,,,,,,,,,,,,,,,,,,,,,,,,,,,,,,,,
2023-04-04 08:16:56,2023-04-04 08:18:37,IP Address,47,100,FALSE,2023-04-11 08:20:41,R_2aWsOru7pwM811z,,,,,,,anonymous,EN,1,100,8,Neutral,Neutral,No,Yes,Somewhat disagree,Somewhat disagree,Somewhat disagree,Strongly agree,I did not send any thank you notes,Somewhat disagree,Strongly disagree,0,,,,,,,,,,,,,,,,
,,,,,,,,,,,,,,,,,,,,,,,,,,,,,,,,,,,,,,,,,,,,,,
2023-04-11 11:52:11,2023-04-11 11:56:02,IP Address,100,230,TRUE,2023-04-11 11:56:02,R_vUn3sWaRRNIWlYl,,,,,41.5066,-81.6111,anonymous,EN,0.8999999761581420,100,25,Neutral,Neutral,No,No,Somewhat agree,Somewhat agree,Neither agree nor disagree,Strongly agree,I did not send any thank you notes,Neither agree nor disagree,Neither agree nor disagree,10,Most,Yes,2,Neither agree nor disagree,Somewhat agree,Somewhat disagree,Somewhat disagree,Neither agree nor disagree,Strongly disagree,Somewhat agree,Somewhat agree,Neither agree nor disagree,Strongly agree,Letters of intent/interest,Somewhat agree,
,,,,,,,,,,,,,,,,,,,,,,,,,,,,,,,,,,,,,,,,,,,,,,
2023-04-11 12:55:28,2023-04-11 12:58:22,IP Address,100,173,TRUE,2023-04-11 12:58:23,R_3DjTCycK9hQfiFG,,,,,40.4442,-79.9557,anonymous,EN,1,94,7,Neutral,Neutral,Yes,No,Somewhat agree,Neither agree nor disagree,Somewhat disagree,Strongly disagree,All Programs,Somewhat agree,Strongly disagree,1,All,Yes,1,Somewhat disagree,Somewhat disagree,Somewhat agree,Somewhat disagree,Somewhat disagree,Strongly disagree,Strongly agree,Strongly agree,Neither agree nor disagree,Somewhat disagree,None caused stress,Strongly disagree,
,,,,,,,,,,,,,,,,,,,,,,,,,,,,,,,,,,,,,,,,,,,,,,
2023-04-14 13:10:55,2023-04-14 13:15:02,IP Address,100,247,TRUE,2023-04-14 13:15:02,R_3QEHkYZoclkw8kr,,,,,40.0321,-82.9092,anonymous,EN,1,90,30,Less inclined to attend,More inclined,Yes,No,Neither agree nor disagree,Somewhat agree,Strongly disagree,Somewhat disagree,Programs that I liked,Somewhat disagree,Neither agree nor disagree,20,Most,Yes,15,Somewhat agree,Somewhat agree,Somewhat disagree,Strongly disagree,Strongly agree,Strongly disagree,Strongly agree,Strongly agree,Somewhat agree,Somewhat agree,Letters of intent/interest,Strongly disagree,"Most stressful part of post interview communication in my opinion was rank to match calls and/or “highly interested” calls. Was hard to know how to navigate those phone calls. Would have appreciated a more formal process from programs to express interest, maybe by email and not cold call"
,,,,,,,,,,,,,,,,,,,,,,,,,,,,,,,,,,,,,,,,,,,,,,
2023-04-10 12:54:43,2023-04-10 12:55:08,IP Address,13,25,FALSE,2023-04-17 12:55:12,R_2DSQDawmHtmbYP7,,,,,,,anonymous,EN,1,76,30,Neutral,Neutral,,,,,,,,,,,,,,,,,,,,,,,,,,
,,,,,,,,,,,,,,,,,,,,,,,,,,,,,,,,,,,,,,,,,,,,,,
2023-04-25 10:21:54,2023-04-25 10:25:34,IP Address,100,220,TRUE,2023-04-25 10:25:35,R_1H7tnp1WDkVzNzN,,,,,40.867,14.2385,anonymous,EN,0.8999999761581420,92,15,More inclined to attend,More inclined,Yes,No,Strongly agree,Somewhat agree,Neither agree nor disagree,Strongly agree,I did not send any thank you notes,Strongly agree,Strongly agree,7,Most,Yes,2,Strongly agree,Strongly agree,Strongly disagree,Strongly disagree,Strongly agree,Somewhat disagree,Strongly agree,Strongly agree,Strongly disagree,Strongly agree,Second looks,Strongly agree,
